{
  "accuracy": {
    "accuracy": 51.442307692307686,
    "correct": 107,
    "total": 208,
    "ci_lower": 44.65005797086429,
    "ci_upper": 58.234557413751084,
    "ci_half_width": 6.792249721443396
  },
  "calibration": {
    "ece": 0.45216346153846143,
    "ece_percent": 45.216346153846146,
    "n_bins": 3,
    "bin_info": [
      {
        "bin_index": 0,
        "avg_confidence": 0.6636363636363636,
        "avg_accuracy": 0.09090909090909091,
        "n_samples": 11,
        "gap": 0.5727272727272726
      },
      {
        "bin_index": 1,
        "avg_confidence": 0.8999999999999999,
        "avg_accuracy": 0.46153846153846156,
        "n_samples": 26,
        "gap": 0.43846153846153835
      },
      {
        "bin_index": 2,
        "avg_confidence": 0.9961988304093566,
        "avg_accuracy": 0.5497076023391813,
        "n_samples": 171,
        "gap": 0.4464912280701754
      }
    ]
  },
  "overconfidence": {
    "overconfidence_rate": 48.05825242718447,
    "n_confident": 206,
    "n_overconfident": 99,
    "avg_overconfidence_gap": 0.9661616161616162
  },
  "confidence_stats": {
    "mean": 0.9665865384615385,
    "median": 1.0,
    "std": 0.10708723174777825,
    "min": 0.0,
    "max": 1.0
  },
  "n_samples": 208
}